,rmse,mae,r2,cv_rmse_mean,cv_rmse_std,train_time_sec,complexity,selected
naive (previous_gpa only),4.155319133616997,3.1994198635256463,0.869651369527216,4.177653976053737,0.044045228427974245,0.05729470000369474,very low,✅
linear regression,4.1571788445914635,3.2005780996408766,0.8695346684911651,4.180279299259807,0.04429504847015326,0.11409200000343844,low,
xgboost,4.301136026466039,3.3306329250335693,0.8603425621986389,4.347642707824707,0.035943062231739875,2.0234607000020333,high,
